{
  "val_samples": 297,
  "accuracy": 0.5151515151515151,
  "f1_macro": 0.25858787807532024,
  "f1_weighted": 0.47930606047045005,
  "num_classes": 246
}